{
	"info": {
		"name": "ChoreMonitor",
		"_postman_id": "21977ef5-959e-cd4d-8e89-cd993adbf21c",
		"description": "",
		"schema": "https://schema.getpostman.com/json/collection/v2.1.0/collection.json"
	},
	"item": [
		{
			"name": "Users",
			"description": "",
			"item": [
				{
					"name": "Create",
					"request": {
						"method": "POST",
						"header": [
							{
								"key": "Content-Type",
								"value": "application/json"
							}
						],
						"body": {
							"mode": "raw",
							"raw": "{\n\t\"Name\": \"sdgfg\",\n\t\"Email\": \"sdfsdf@tete.nl\"\n}"
						},
						"url": {
							"raw": "http://localhost:5000/api/Users",
							"protocol": "http",
							"host": [
								"localhost"
							],
							"port": "5000",
							"path": [
								"api",
								"Users"
							]
						},
						"description": ""
					},
					"response": []
				},
				{
					"name": "GetByEmail",
					"request": {
						"method": "GET",
						"header": [],
						"body": {},
						"url": {
							"raw": "http://localhost:5000/api/Users/byemail?email=kaka@tete.nl",
							"protocol": "http",
							"host": [
								"localhost"
							],
							"port": "5000",
							"path": [
								"api",
								"Users",
								"byemail"
							],
							"query": [
								{
									"key": "email",
									"value": "kaka@tete.nl",
									"equals": true
								}
							]
						},
						"description": ""
					},
					"response": []
				},
				{
					"name": "Delete",
					"request": {
						"method": "DELETE",
						"header": [],
						"body": {},
						"url": {
							"raw": "http://localhost:5000/api/Users/5",
							"protocol": "http",
							"host": [
								"localhost"
							],
							"port": "5000",
							"path": [
								"api",
								"Users",
								"5"
							]
						},
						"description": ""
					},
					"response": []
				},
				{
					"name": "GetAll",
					"request": {
						"method": "GET",
						"header": [],
						"body": {},
						"url": {
							"raw": "http://localhost:5000/api/Users?Page=1",
							"protocol": "http",
							"host": [
								"localhost"
							],
							"port": "5000",
							"path": [
								"api",
								"Users"
							],
							"query": [
								{
									"key": "Page",
									"value": "1",
									"equals": true
								}
							]
						},
						"description": ""
					},
					"response": []
				}
			]
		},
		{
			"name": "Chores",
			"description": "",
			"item": [
				{
					"name": "Create",
					"request": {
						"method": "POST",
						"header": [
							{
								"key": "Content-Type",
								"value": "application/json"
							}
						],
						"body": {
							"mode": "raw",
							"raw": "{\n\t\"Name\": \"Stofzuigen\"\n}"
						},
						"url": {
							"raw": "http://localhost:5000/api/Chores",
							"protocol": "http",
							"host": [
								"localhost"
							],
							"port": "5000",
							"path": [
								"api",
								"Chores"
							]
						},
						"description": ""
					},
					"response": []
				},
				{
					"name": "Delete",
					"request": {
						"method": "DELETE",
						"header": [],
						"body": {},
						"url": {
							"raw": "http://localhost:5000/api/Chores/18",
							"protocol": "http",
							"host": [
								"localhost"
							],
							"port": "5000",
							"path": [
								"api",
								"Chores",
								"18"
							]
						},
						"description": ""
					},
					"response": []
				},
				{
					"name": "GetAll",
					"request": {
						"method": "GET",
						"header": [],
						"body": {},
						"url": {
							"raw": "http://localhost:5000/api/Chores?Page=1",
							"protocol": "http",
							"host": [
								"localhost"
							],
							"port": "5000",
							"path": [
								"api",
								"Chores"
							],
							"query": [
								{
									"key": "Page",
									"value": "1",
									"equals": true
								}
							]
						},
						"description": ""
					},
					"response": []
				}
			]
		},
		{
			"name": "Registrations",
			"description": "",
			"item": [
				{
					"name": "Create",
					"request": {
						"method": "POST",
						"header": [
							{
								"key": "Content-Type",
								"value": "application/json"
							}
						],
						"body": {
							"mode": "raw",
							"raw": "{\n\t\"UserId\": 2,\n\t\"ChoreId\": 1,\n\t\"ExecutionDate\": \"2019-10-25T15:00:01\"\n}"
						},
						"url": {
							"raw": "http://localhost:5000/api/Registrations",
							"protocol": "http",
							"host": [
								"localhost"
							],
							"port": "5000",
							"path": [
								"api",
								"Registrations"
							]
						},
						"description": ""
					},
					"response": []
				},
				{
					"name": "Delete",
					"request": {
						"method": "DELETE",
						"header": [],
						"body": {},
						"url": {
							"raw": "http://localhost:5000/api/Registrations/18",
							"protocol": "http",
							"host": [
								"localhost"
							],
							"port": "5000",
							"path": [
								"api",
								"Registrations",
								"18"
							]
						},
						"description": ""
					},
					"response": []
				},
				{
					"name": "GetAll",
					"request": {
						"method": "GET",
						"header": [],
						"body": {},
						"url": {
							"raw": "http://localhost:5000/api/Registrations?Page=1",
							"protocol": "http",
							"host": [
								"localhost"
							],
							"port": "5000",
							"path": [
								"api",
								"Registrations"
							],
							"query": [
								{
									"key": "Page",
									"value": "1",
									"equals": true
								}
							]
						},
						"description": ""
					},
					"response": []
				},
				{
					"name": "Dashboard",
					"request": {
						"method": "GET",
						"header": [],
						"body": {},
						"url": {
							"raw": "http://localhost:5000/api/Registrations/dashboard?year=2019&month=10&day=25",
							"protocol": "http",
							"host": [
								"localhost"
							],
							"port": "5000",
							"path": [
								"api",
								"Registrations",
								"dashboard"
							],
							"query": [
								{
									"key": "year",
									"value": "2019",
									"equals": true
								},
								{
									"key": "month",
									"value": "10",
									"equals": true
								},
								{
									"key": "day",
									"value": "25",
									"equals": true
								}
							]
						},
						"description": ""
					},
					"response": []
				}
			]
		}
	]
}